timestamp,brand,health_score,signal,avg_sentiment,mention_count
2026-02-21 18:02,Adidas,0.6929,🟢 Scale Up,0.2354,340
2026-02-21 18:02,Asics,0.1434,🔴 Watch,0.3327,22
2026-02-21 18:02,New Balance,0.2493,🔴 Watch,0.2516,56
2026-02-21 18:02,Nike,0.3566,🔴 Watch,0.1398,755
2026-02-21 18:02,Puma,0.657,🟢 Scale Up,0.4089,6
2026-02-28 18:02,Adidas,0.6929,🟢 Scale Up,0.2354,340
2026-02-28 18:02,Asics,0.1434,🔴 Watch,0.3327,22
2026-02-28 18:02,New Balance,0.2493,🔴 Watch,0.2516,56
2026-02-28 18:02,Nike,0.3566,🔴 Watch,0.1398,755
2026-02-28 18:02,Puma,0.657,🟢 Scale Up,0.4089,6
2026-03-07 18:02,Adidas,0.6929,🟢 Scale Up,0.2354,340
2026-03-07 18:02,Asics,0.1434,🔴 Watch,0.3327,22
2026-03-07 18:02,New Balance,0.2493,🔴 Watch,0.2516,56
2026-03-07 18:02,Nike,0.3566,🔴 Watch,0.1398,755
2026-03-07 18:02,Puma,0.657,🟢 Scale Up,0.4089,6
2026-03-14 18:02,Adidas,0.6929,🟢 Scale Up,0.2354,340
2026-03-14 18:02,Asics,0.1434,🔴 Watch,0.3327,22
2026-03-14 18:02,New Balance,0.2493,🔴 Watch,0.2516,56
2026-03-14 18:02,Nike,0.3566,🔴 Watch,0.1398,755
2026-03-14 18:02,Puma,0.657,🟢 Scale Up,0.4089,6
2026-03-21 18:02,Adidas,0.6737,🟢 Scale Up,0.2495,454
2026-03-21 18:02,Asics,0.1111,🔴 Watch,0.3286,29
2026-03-21 18:02,New Balance,0.2086,🔴 Watch,0.2232,74
2026-03-21 18:02,Nike,0.3623,🔴 Watch,0.1581,1018
2026-03-21 18:02,Puma,0.657,🟢 Scale Up,0.465,12
2026-03-22 06:14,Adidas,0.6873,🟢 Scale Up,0.252,471
2026-03-22 06:14,Asics,0.1291,🔴 Watch,0.3112,31
2026-03-22 06:14,New Balance,0.2173,🔴 Watch,0.2201,77
2026-03-22 06:14,Nike,0.3623,🔴 Watch,0.1603,1058
2026-03-22 06:14,Puma,0.657,🟢 Scale Up,0.394,13
2026-03-22 12:03,Adidas,0.6849,🟢 Scale Up,0.25,474
2026-03-22 12:03,Asics,0.1287,🔴 Watch,0.3112,31
2026-03-22 12:03,New Balance,0.2164,🔴 Watch,0.2201,77
2026-03-22 12:03,Nike,0.3623,🔴 Watch,0.1617,1064
2026-03-22 12:03,Puma,0.657,🟢 Scale Up,0.394,13
2026-03-22 18:04,Adidas,0.6801,🟢 Scale Up,0.2493,479
2026-03-22 18:04,Asics,0.1285,🔴 Watch,0.3112,31
2026-03-22 18:04,New Balance,0.2159,🔴 Watch,0.2201,77
2026-03-22 18:04,Nike,0.3623,🔴 Watch,0.1625,1070
2026-03-22 18:04,Puma,0.657,🟢 Scale Up,0.394,13
2026-03-23 00:10,Adidas,0.6778,🟢 Scale Up,0.2484,487
2026-03-23 00:10,Asics,0.1287,🔴 Watch,0.3112,31
2026-03-23 00:10,New Balance,0.2211,🔴 Watch,0.2256,78
2026-03-23 00:10,Nike,0.3623,🔴 Watch,0.1619,1100
2026-03-23 00:10,Puma,0.657,🟢 Scale Up,0.394,13
2026-03-23 06:21,Adidas,0.6761,🟢 Scale Up,0.2493,493
2026-03-23 06:21,Asics,0.1208,🔴 Watch,0.3015,32
2026-03-23 06:21,New Balance,0.2274,🔴 Watch,0.232,79
2026-03-23 06:21,Nike,0.3623,🔴 Watch,0.1605,1116
2026-03-23 06:21,Puma,0.657,🟢 Scale Up,0.394,13
2026-03-23 12:11,Adidas,0.6684,🟢 Scale Up,0.2518,498
2026-03-23 12:11,Asics,0.107,🔴 Watch,0.3015,32
2026-03-23 12:11,New Balance,0.2202,🔴 Watch,0.232,79
2026-03-23 12:11,Nike,0.3623,🔴 Watch,0.1611,1125
2026-03-23 12:11,Puma,0.657,🟢 Scale Up,0.4235,14
2026-03-23 18:14,Adidas,0.6637,🟢 Scale Up,0.2496,504
2026-03-23 18:14,Asics,0.1088,🔴 Watch,0.304,34
2026-03-23 18:14,New Balance,0.2145,🔴 Watch,0.2247,80
2026-03-23 18:14,Nike,0.3623,🔴 Watch,0.1613,1140
2026-03-23 18:14,Puma,0.657,🟢 Scale Up,0.4235,14
2026-03-24 00:08,Adidas,0.6629,🟢 Scale Up,0.2485,513
2026-03-24 00:08,Asics,0.1089,🔴 Watch,0.304,34
2026-03-24 00:08,New Balance,0.2043,🔴 Watch,0.2112,84
2026-03-24 00:08,Nike,0.3623,🔴 Watch,0.1611,1157
2026-03-24 00:08,Puma,0.657,🟢 Scale Up,0.4235,14
2026-03-24 06:19,Adidas,0.6607,🟢 Scale Up,0.2498,517
2026-03-24 06:19,Asics,0.1087,🔴 Watch,0.304,34
2026-03-24 06:19,New Balance,0.2003,🔴 Watch,0.2063,86
2026-03-24 06:19,Nike,0.3623,🔴 Watch,0.1616,1165
2026-03-24 06:19,Puma,0.657,🟢 Scale Up,0.4235,14
2026-03-24 12:11,Adidas,0.6615,🟢 Scale Up,0.251,520
2026-03-24 12:11,Asics,0.1087,🔴 Watch,0.304,34
2026-03-24 12:11,New Balance,0.2002,🔴 Watch,0.2063,86
2026-03-24 12:11,Nike,0.3623,🔴 Watch,0.1617,1172
2026-03-24 12:11,Puma,0.657,🟢 Scale Up,0.4235,14
2026-03-24 18:16,Adidas,0.6598,🟢 Scale Up,0.2513,524
2026-03-24 18:16,Asics,0.1088,🔴 Watch,0.304,34
2026-03-24 18:16,New Balance,0.2004,🔴 Watch,0.2063,86
2026-03-24 18:16,Nike,0.3623,🔴 Watch,0.1614,1186
2026-03-24 18:16,Puma,0.657,🟢 Scale Up,0.4235,14
2026-03-25 00:09,Adidas,0.6613,🟢 Scale Up,0.2534,530
2026-03-25 00:09,Asics,0.1087,🔴 Watch,0.304,34
2026-03-25 00:09,New Balance,0.2056,🔴 Watch,0.2133,90
2026-03-25 00:09,Nike,0.3623,🔴 Watch,0.1616,1213
2026-03-25 00:09,Puma,0.657,🟢 Scale Up,0.4235,14
2026-03-25 06:19,Adidas,0.6585,🟢 Scale Up,0.2512,535
2026-03-25 06:19,Asics,0.1096,🔴 Watch,0.304,34
2026-03-25 06:19,New Balance,0.2031,🔴 Watch,0.208,91
2026-03-25 06:19,Nike,0.3623,🔴 Watch,0.1592,1224
2026-03-25 06:19,Puma,0.657,🟢 Scale Up,0.4235,14
2026-03-25 12:10,Adidas,0.6624,🟢 Scale Up,0.2465,540
2026-03-25 12:10,Asics,0.1103,🔴 Watch,0.304,34
2026-03-25 12:10,New Balance,0.1994,🔴 Watch,0.2014,94
2026-03-25 12:10,Nike,0.3623,🔴 Watch,0.1571,1241
2026-03-25 12:10,Puma,0.657,🟢 Scale Up,0.4235,14
2026-03-25 18:16,Adidas,0.6644,🟢 Scale Up,0.2489,551
2026-03-25 18:16,Asics,0.1104,🔴 Watch,0.304,34
2026-03-25 18:16,New Balance,0.198,🔴 Watch,0.1992,95
2026-03-25 18:16,Nike,0.3623,🔴 Watch,0.1567,1253
2026-03-25 18:16,Puma,0.657,🟢 Scale Up,0.4235,14
2026-03-26 00:11,Adidas,0.6696,🟢 Scale Up,0.2503,560
2026-03-26 00:11,Asics,0.0863,🔴 Watch,0.2733,35
2026-03-26 00:11,New Balance,0.1888,🔴 Watch,0.1891,96
2026-03-26 00:11,Nike,0.3623,🔴 Watch,0.1592,1273
2026-03-26 00:11,Puma,0.657,🟢 Scale Up,0.4235,14
2026-03-26 06:21,Adidas,0.6749,🟢 Scale Up,0.2543,566
2026-03-26 06:21,Asics,0.0863,🔴 Watch,0.2733,35
2026-03-26 06:21,New Balance,0.1888,🔴 Watch,0.1891,96
2026-03-26 06:21,Nike,0.3623,🔴 Watch,0.1592,1290
2026-03-26 06:21,Puma,0.657,🟢 Scale Up,0.4235,14
2026-03-26 12:14,Adidas,0.6773,🟢 Scale Up,0.2562,569
2026-03-26 12:14,Asics,0.0795,🔴 Watch,0.2657,36
2026-03-26 12:14,New Balance,0.1872,🔴 Watch,0.1891,96
2026-03-26 12:14,Nike,0.3623,🔴 Watch,0.1615,1300
2026-03-26 12:14,Puma,0.657,🟢 Scale Up,0.4235,14
2026-03-26 18:17,Adidas,0.6756,🟢 Scale Up,0.2579,574
2026-03-26 18:17,Asics,0.0767,🔴 Watch,0.2657,36
2026-03-26 18:17,New Balance,0.1886,🔴 Watch,0.1962,97
2026-03-26 18:17,Nike,0.3623,🔴 Watch,0.1675,1326
2026-03-26 18:17,Puma,0.657,🟢 Scale Up,0.4235,14
2026-03-27 00:10,Adidas,0.6642,🟢 Scale Up,0.2566,580
2026-03-27 00:10,Asics,0.0683,🔴 Watch,0.2657,36
2026-03-27 00:10,New Balance,0.1784,🔴 Watch,0.1859,99
2026-03-27 00:10,Nike,0.3623,🔴 Watch,0.1684,1358
2026-03-27 00:10,Puma,0.657,🟢 Scale Up,0.4534,15
2026-03-27 06:22,Adidas,0.6663,🟢 Scale Up,0.2569,586
2026-03-27 06:22,Asics,0.068,🔴 Watch,0.2657,36
2026-03-27 06:22,New Balance,0.1821,🔴 Watch,0.1916,100
2026-03-27 06:22,Nike,0.3623,🔴 Watch,0.1689,1378
2026-03-27 06:22,Puma,0.657,🟢 Scale Up,0.4534,15
2026-03-27 12:11,Adidas,0.6656,🟢 Scale Up,0.2569,586
2026-03-27 12:11,Asics,0.0674,🔴 Watch,0.2657,36
2026-03-27 12:11,New Balance,0.1812,🔴 Watch,0.1916,100
2026-03-27 12:11,Nike,0.3623,🔴 Watch,0.1703,1382
2026-03-27 12:11,Puma,0.657,🟢 Scale Up,0.4534,15
2026-03-27 18:14,Adidas,0.6631,🟢 Scale Up,0.2584,594
2026-03-27 18:14,Asics,0.0635,🔴 Watch,0.2657,36
2026-03-27 18:14,New Balance,0.1802,🔴 Watch,0.1916,100
2026-03-27 18:14,Nike,0.3623,🔴 Watch,0.1706,1395
2026-03-27 18:14,Puma,0.657,🟢 Scale Up,0.47,16
2026-03-28 00:10,Adidas,0.6639,🟢 Scale Up,0.2624,601
2026-03-28 00:10,Asics,0.0623,🔴 Watch,0.2657,36
2026-03-28 00:10,New Balance,0.1786,🔴 Watch,0.1916,100
2026-03-28 00:10,Nike,0.3623,🔴 Watch,0.1732,1409
2026-03-28 00:10,Puma,0.657,🟢 Scale Up,0.47,16
2026-03-28 06:17,Adidas,0.666,🟢 Scale Up,0.2609,605
2026-03-28 06:17,Asics,0.0749,🔴 Watch,0.2848,37
2026-03-28 06:17,New Balance,0.1768,🔴 Watch,0.1897,101
2026-03-28 06:17,Nike,0.3623,🔴 Watch,0.174,1414
2026-03-28 06:17,Puma,0.657,🟢 Scale Up,0.47,16
2026-03-28 12:05,Adidas,0.6688,🟢 Scale Up,0.2626,607
2026-03-28 12:05,Asics,0.0746,🔴 Watch,0.2848,37
2026-03-28 12:05,New Balance,0.1763,🔴 Watch,0.1897,101
2026-03-28 12:05,Nike,0.3623,🔴 Watch,0.1747,1418
2026-03-28 12:05,Puma,0.657,🟢 Scale Up,0.47,16
2026-03-28 18:05,Adidas,0.6708,🟢 Scale Up,0.2661,613
2026-03-28 18:05,Asics,0.0742,🔴 Watch,0.2848,37
2026-03-28 18:05,New Balance,0.1827,🔴 Watch,0.1998,103
2026-03-28 18:05,Nike,0.3623,🔴 Watch,0.1755,1432
2026-03-28 18:05,Puma,0.657,🟢 Scale Up,0.47,16
2026-03-29 00:10,Adidas,0.6615,🟢 Scale Up,0.2657,619
2026-03-29 00:10,Asics,0.0748,🔴 Watch,0.2848,37
2026-03-29 00:10,New Balance,0.1835,🔴 Watch,0.1998,103
2026-03-29 00:10,Nike,0.3623,🔴 Watch,0.1741,1455
2026-03-29 00:10,Puma,0.657,🟢 Scale Up,0.47,16
2026-03-29 06:20,Adidas,0.6629,🟢 Scale Up,0.2673,621
2026-03-29 06:20,Asics,0.0751,🔴 Watch,0.2848,37
2026-03-29 06:20,New Balance,0.184,🔴 Watch,0.1998,103
2026-03-29 06:20,Nike,0.3623,🔴 Watch,0.1734,1463
2026-03-29 06:20,Puma,0.657,🟢 Scale Up,0.47,16
2026-03-29 12:05,Adidas,0.6624,🟢 Scale Up,0.2668,622
2026-03-29 12:05,Asics,0.0856,🔴 Watch,0.3005,38
2026-03-29 12:05,New Balance,0.1853,🔴 Watch,0.2021,104
2026-03-29 12:05,Nike,0.3623,🔴 Watch,0.1737,1466
2026-03-29 12:05,Puma,0.657,🟢 Scale Up,0.47,16
2026-03-29 18:06,Adidas,0.6557,🟢 Scale Up,0.2631,632
2026-03-29 18:06,Asics,0.085,🔴 Watch,0.3005,38
2026-03-29 18:06,New Balance,0.2627,🔴 Watch,0.2084,106
2026-03-29 18:06,Nike,0.3623,🔴 Watch,0.1751,1480
2026-03-29 18:06,Puma,0.657,🟢 Scale Up,0.47,16
2026-03-30 00:11,Adidas,0.6602,🟢 Scale Up,0.2666,642
2026-03-30 00:11,Asics,0.0881,🔴 Watch,0.3063,39
2026-03-30 00:11,New Balance,0.2613,🔴 Watch,0.2084,110
2026-03-30 00:11,Nike,0.3623,🔴 Watch,0.1775,1494
2026-03-30 00:11,Puma,0.657,🟢 Scale Up,0.47,16
2026-03-30 06:31,Adidas,0.6616,🟢 Scale Up,0.2664,644
2026-03-30 06:31,Asics,0.0878,🔴 Watch,0.3063,39
2026-03-30 06:31,New Balance,0.2531,🔴 Watch,0.2175,113
2026-03-30 06:31,Nike,0.3623,🔴 Watch,0.1782,1507
2026-03-30 06:31,Puma,0.657,🟢 Scale Up,0.47,16
2026-03-30 12:13,Adidas,0.6555,🟢 Scale Up,0.2674,645
2026-03-30 12:13,Asics,0.0786,🔴 Watch,0.3063,39
2026-03-30 12:13,New Balance,0.2494,🔴 Watch,0.2175,113
2026-03-30 12:13,Nike,0.3623,🔴 Watch,0.1802,1512
2026-03-30 12:13,Puma,0.657,🟢 Scale Up,0.5011,17
2026-03-30 18:15,Adidas,0.6555,🟢 Scale Up,0.2674,652
2026-03-30 18:15,Asics,0.0771,🔴 Watch,0.3063,39
2026-03-30 18:15,New Balance,0.2469,🔴 Watch,0.2156,114
2026-03-30 18:15,Nike,0.3623,🔴 Watch,0.184,1532
2026-03-30 18:15,Puma,0.657,🟢 Scale Up,0.5011,17
2026-03-31 00:11,Adidas,0.6558,🟢 Scale Up,0.2673,660
2026-03-31 00:11,Asics,0.0833,🔴 Watch,0.3157,41
2026-03-31 00:11,New Balance,0.2503,🔴 Watch,0.2204,116
2026-03-31 00:11,Nike,0.3623,🔴 Watch,0.1834,1549
2026-03-31 00:11,Puma,0.657,🟢 Scale Up,0.5011,17
2026-03-31 06:25,Adidas,0.6607,🟢 Scale Up,0.2708,668
2026-03-31 06:25,Asics,0.0828,🔴 Watch,0.3157,41
2026-03-31 06:25,New Balance,0.2421,🔴 Watch,0.2245,117
2026-03-31 06:25,Nike,0.3623,🔴 Watch,0.1848,1561
2026-03-31 06:25,Puma,0.657,🟢 Scale Up,0.5011,17
2026-03-31 12:13,Adidas,0.6608,🟢 Scale Up,0.271,675
2026-03-31 12:13,Asics,0.09,🔴 Watch,0.3271,42
2026-03-31 12:13,New Balance,0.2452,🔴 Watch,0.2294,118
2026-03-31 12:13,Nike,0.3623,🔴 Watch,0.1848,1564
2026-03-31 12:13,Puma,0.657,🟢 Scale Up,0.5011,17
2026-03-31 18:15,Adidas,0.6611,🟢 Scale Up,0.2713,679
2026-03-31 18:15,Asics,0.0901,🔴 Watch,0.3271,42
2026-03-31 18:15,New Balance,0.2484,🔴 Watch,0.2343,120
2026-03-31 18:15,Nike,0.3623,🔴 Watch,0.1845,1585
2026-03-31 18:15,Puma,0.657,🟢 Scale Up,0.5011,17
2026-04-01 00:12,Adidas,0.6603,🟢 Scale Up,0.2689,687
2026-04-01 00:12,Asics,0.0906,🔴 Watch,0.3271,42
2026-04-01 00:12,New Balance,0.2556,🔴 Watch,0.2444,122
2026-04-01 00:12,Nike,0.3623,🔴 Watch,0.183,1603
2026-04-01 00:12,Puma,0.657,🟢 Scale Up,0.5011,17
2026-04-01 06:30,Adidas,0.6582,🟢 Scale Up,0.2706,692
2026-04-01 06:30,Asics,0.0908,🔴 Watch,0.3271,42
2026-04-01 06:30,New Balance,0.2577,🔴 Watch,0.2493,123
2026-04-01 06:30,Nike,0.3623,🔴 Watch,0.1824,1620
2026-04-01 06:30,Puma,0.657,🟢 Scale Up,0.5011,17
2026-04-01 12:13,Adidas,0.6584,🟢 Scale Up,0.2708,695
2026-04-01 12:13,Asics,0.1006,🔴 Watch,0.3427,43
2026-04-01 12:13,New Balance,0.2577,🔴 Watch,0.2493,123
2026-04-01 12:13,Nike,0.3623,🔴 Watch,0.1823,1625
2026-04-01 12:13,Puma,0.657,🟢 Scale Up,0.5011,17
2026-04-01 18:14,Adidas,0.6524,🟢 Scale Up,0.2705,706
2026-04-01 18:14,Asics,0.0889,🔴 Watch,0.3349,44
2026-04-01 18:14,New Balance,0.2549,🔴 Watch,0.2509,124
2026-04-01 18:14,Nike,0.3623,🔴 Watch,0.1825,1643
2026-04-01 18:14,Puma,0.657,🟢 Scale Up,0.5255,18
